rpsi,momPinch,momDif
0.4912761,10.38596,2.204414
0.5726544,18.07504,7.093857
0.6710159,25.20692,7.425623
0.7644477,32.98832,9.257903
0.8674393,49.65449,9.041244
